topic number,label,keywords
0,data use cash payment payments,data cash use consumers study consumer COVID19 pandemic security instruments
1,India payment paper data use,India fraud transactions process people needs retailers identity innovation years
2,market technology payments paper services,market technology landscape growth DLT ledger world rate choices system
3,payments services paper payment technology,change FinTech industry implementation business challenges technologies models emergence China
4,money payments systems paper cash,systems money role banks inclusion bank world institutions issues development
5,banking paper services payment market,service providers requirements PSPs bank framework ecosystem model issues end
6,system paper cash India data,Bank Reserve Federal Central standards CBDC models country system cash
7,services payment technology payments data,Payment years impact EU Services PSD2 business Financial Directive development
8,India payment paper payments system,November scheme Payments SEPA Instant Credit Council Scheme SCT Inst
9,system data payment paper India,system sector policy country network changes government factors concept actors
